order_id,name,gender,age,city
1001,John Smith,Male,32,USA
1002,Sarah Brown,Female,28,UK
1003,,Male,41,Canada
1004,Emma Johnson,Female,35,USA
1005,Anthony Walsh,Female,22,USA
1006,Otto Mian,Female,28,USA
1007,Lana Del,Female,29,USA
1008,,Female,30,USA
1009,Ken Benson,Female,31,USA
1010,Ken Benson,Female,20,USA
1011,,Male,60,USA
1012,Stephen Woods,Male,29,USA
1013,Jerry Allen,Male,40,USA
1014,,Male,21,Canada
1015,Lana Del,Male,45,Canada
1016,Vivian June,Male,45,Canada
1017,,Female,45,Canada
1018,Jenny Mira,Female,45,Canada
1019,Kira Benson,Female,45,Canada
1020,Bently Hogan,Female,21,Canada
1021,Hughes Jenny,Female,67,Canada
1022,Ishmael Jones,Female,69,Canada
1023,Lizzy Luis,Female,71,Canada
1024,Dean Terry,Male,73,Canada
1025,Johnny Woods,Male,75,Canada
1026,John Smith,Female,77,Canada
1027,Sarah Brown,Male,49,Canada
1028,David Wilson,Female,50,Canada
1029,Emma Johnson,Female,51,Canada
1030,Anthony Walsh,Male,52,Canada
1031,Lizzy Gold,Female,53,Canada
1032,Olivia Beck,Female,54,Canada
1033,Tony Lopez,Male,32,Canada
1034,Kate Jenner,Female,33,Canada
1035,Ishmael Jones,Male,34,Canada
1036,Lizzy Luis,Female,35,Canada
1037,Dean Terry,Female,36,Canada
1038,Johnny Woods,Male,37,Canada
1039,Stephen Cary,Female,38,Canada
1040,John Smith,Female,39,Canada
1041,Sarah Brown,Female,40,Canada
1042,David Wilson,Female,41,Canada
1043,Emma Johnson,Female,42,Canada
1044,Anthony Walsh,Female,43,Canada
1045,Lizzy Gold,Female,44,Canada
1046,Olivia Beck,Female,45,Canada
1047,Tony Lopez,Female,46,Canada
1048,Kate Jenner,Female,47,Canada
1049,Ishmael Jones,Female,48,Canada
1050,Lizzy Luis,Female,21,Canada
1051,Dean Terry,Male,23,Canada
1052,Johnny Woods,Female,25,Canada
1053,Stephen Cary,Female,27,Canada
1054,Samantha Jones,Female,29,Canada
1055,Summer Wilson,Female,31,Canada
1056,Nate Crew,Female,33,Canada
1057,Lizzy Gibson,Female,35,Canada
1058,Phoebe Rae,Female,37,Canada
1059,Kelly Mitcheal,Female,39,Canada
1060,Stephen Cary,Female,41,Canada
1061,Tony Lopez,Female,43,Canada
1062,Kate Jenner,Female,45,Canada
1063,Ishmael Jones,Female,47,Canada
1064,Lizzy Luis,Female,49,Canada
1065,Dean Terry,Female,51,Canada
1066,Johnny Woods,Female,53,Canada
1067,Stephen Cary,Female,55,Canada
1068,Samantha Jones,Female,57,Canada
1069,Summer Wilson,Female,59,Canada
1070,Nate Crew,Female,61,Canada
1071,Lizzy Gibson,Female,63,Canada
1072,Phoebe Rae,Female,65,Canada
1073,Kelly Mitcheal,Female,41,Canada
1074,Stephen Cary,Female,43,Canada
1075,Ken Benson,Female,45,Canada
1076,Ishmael Jones,Female,47,Canada
1077,Lizzy Luis,Female,49,Canada
1078,Dean Terry,Female,51,Canada
1079,Johnny Woods,Female,53,Canada
1080,Stephen Cary,Female,55,Canada
1081,Samantha Jones,Female,57,Canada
1082,Summer Wilson,Female,59,Canada
1083,Nate Crew,Female,61,Canada
1084,Lizzy Gibson,Female,45,Canada
1085,Phoebe Rae,Female,45,Canada
1086,Kelly Mitcheal,Female,21,Canada
1087,Stephen Cary,Female,67,Canada
1088,Ken Benson,Female,69,Canada
1089,Samantha Jones,Female,71,Canada
1090,Summer Wilson,Female,73,Canada
1091,Nate Crew,Female,75,Canada
1092,Lizzy Gibson,Female,22,Canada
1093,Phoebe Rae,Female,49,Canada
1094,Kelly Mitcheal,Female,50,Canada
1095,Stephen Cary,Female,51,Canada
1096,Phoebe Rae,Female,39,Canada
1097,Kelly Mitcheal,Female,53,Canada
1098,Kelly Mitcheal,Female,54,Canada
1099,Stephen Cary,Female,32,Canada
1100,Ken Benson,Female,33,Canada
1101,Ishmael Jones,Female,34,Canada
1102,Lizzy Luis,Female,21,Canada
1103,Dean Terry,Female,36,Canada
1104,Johnny Woods,Female,37,Canada
1105,Stephen Cary,Female,38,Canada
1106,Ben Hardy,Female,34,Canada
1107,Stephen Woods,Female,36,Canada
1108,Jerry Allen,Female,38,Canada
1109,Otto Mian,Female,40,Canada
1110,Lana Del,Female,42,Canada
1111,Vivian June,Female,44,Canada
1112,Dean Terry,Female,67,Canada
1113,Johnny Woods,Female,48,Canada
1114,Stephen Cary,Female,34,Canada
1115,Ben Hardy,Female,35,Canada
1116,Stephen Woods,Female,35,Canada
1117,Jerry Allen,Female,35,Canada
1118,Otto Mian,Female,35,Canada
1119,Lana Del,Female,35,Canada
1120,Vivian June,Female,35,Canada
1121,Ken Benson,Female,35,Canada
1122,Ken Benson,Female,35,Canada
1123,Ben Hardy,Female,35,Canada
1124,Stephen Woods,Male,22,Canada
1125,Jerry Allen,Male,35,Canada
1126,Otto Mian,Male,34,Canada
1127,Lana Del,Female,35,Canada
1128,Vivian June,Female,35,Canada
1129,Marian Rose,Female,35,Canada
1130,Jenny Mira,Female,35,Canada
1131,Kira Benson,Female,67,Canada
1132,Bently Hogan,Female,35,Canada
1133,Hughes Jenny,Female,34,Canada
1134,Vivian June,Female,35,Canada
1135,Marian Rose,Female,21,Canada
1136,Jenny Mira,Female,81,Canada
1137,Kira Benson,Female,35,Canada
1138,Bently Hogan,Female,35,Canada
1139,Hughes Jenny,Female,22,Canada
1140,Ishmael Jones,Female,23,Canada
1141,Lizzy Luis,Female,24,Canada
1142,Dean Terry,Male,25,Canada
1143,Johnny Woods,Male,26,Canada
1144,John Smith,Female,27,Canada
1145,Sarah Brown,Female,28,Canada
1146,David Wilson,Female,29,Canada
1147,Emma Johnson,Female,30,Canada
1148,Anthony Walsh,Female,31,Canada
1149,Lizzy Gold,Female,32,Canada
1150,Olivia Beck,Female,33,Canada
1151,Tony Lopez,Female,34,Canada
1152,Kate Jenner,Female,35,Canada
1153,Ishmael Jones,Female,36,Canada
1154,Lizzy Luis,Female,37,Canada
1155,Dean Terry,Female,38,Canada
1156,Johnny Woods,Female,39,Canada
1157,Stephen Cary,Female,40,Canada
1158,John Smith,Female,41,Canada
1159,Sarah Brown,Female,42,Canada
1160,David Wilson,Female,43,Canada
1161,Emma Johnson,Female,44,Canada
1162,Anthony Walsh,Female,45,Canada
1163,Lizzy Gold,Female,46,Canada
1164,Olivia Beck,Female,47,Canada
1165,Tony Lopez,Female,48,Canada
1166,Kate Jenner,Female,49,Canada
1167,Ishmael Jones,Female,50,Canada
1168,Lizzy Luis,Female,52,Canada
1169,Olivia Beck,Female,54,Canada
1170,Tony Lopez,Female,56,Canada
1171,Kate Jenner,Female,58,Canada
1172,Ishmael Jones,Female,60,Canada
1173,Lizzy Luis,Female,62,Canada
1174,Dean Terry,Female,64,Canada
1175,Johnny Woods,Female,43,Canada
1176,Stephen Cary,Female,68,Canada
1177,John Smith,Female,70,Canada
1178,Sarah Brown,Female,56,Canada
1179,David Wilson,Female,78,Canada
1180,Emma Johnson,Female,20,Canada
1181,Anthony Walsh,Female,19,Canada
1182,Lizzy Gold,Female,20,Canada
1183,Olivia Beck,Female,17,Canada
1184,Tony Lopez,Female,34,Canada
1185,Kate Jenner,Female,51,Canada
1186,Carie Lenny,Female,68,Canada
1187,Olivia Jean,Female,85,Canada
1188,Tommy Jack,Female,30,Canada
1189,John Smith,Female,36,Canada
1190,Sarah Brown,Female,42,Canada
1191,David Wilson,Female,48,Canada
1192,Emma Johnson,Female,54,Canada
1193,Anthony Walsh,Female,60,Canada
1194,Lizzy Gold,Female,66,Canada
1195,Olivia Beck,Female,72,Canada
1196,June Terry,Female,78,Canada
1197,Tony Lopez,Female,84,Canada
1198,Kate Jenner,Female,22,Canada
1199,Ishmael Jones,Female,24,Canada
1200,Lizzy Luis,Female,28,Canada
1201,Dean Terry,Female,32,Canada
1202,Johnny Woods,Female,36,Canada
1203,Guinever Beck,Female,40,Canada
1204,Emma Johnson,Female,44,Canada
1205,Anthony Walsh,Female,48,Canada
1206,Lizzy Gold,Female,52,Canada
1207,Olivia Beck,Female,56,Canada
1208,June Terry,Female,60,Canada
1209,Tony Lopez,Female,25,Canada
1210,Kate Jenner,Female,35,Canada
1211,Ishmael Jones,Female,45,Canada
1212,Lizzy Luis,Female,55,Canada
1213,Dean Terry,Female,65,Canada
1214,Johnny Woods,Female,75,Canada
1215,June Terry,Female,20,Canada
1216,Tony Lopez,Female,24,Canada
1217,Kate Jenner,Female,28,Canada
1218,Ishmael Jones,Female,32,Canada
1219,Lizzy Luis,Female,36,Canada
1220,Dean Terry,Female,40,Canada
1221,Nathalie verity,Female,44,Canada
1222,Sarah Brown,Female,48,Canada
1223,David Wilson,Female,52,Canada
1224,Emma Johnson,Female,56,Canada
1225,Anthony Walsh,Female,60,Canada
1226,Lizzy Gold,Male,23,Canada
1227,Olivia Beck,Female,26,Canada
1228,June Terry,Female,29,Canada
1229,Tony Lopez,Female,32,Canada
1230,Kate Jenner,Female,35,Canada
1231,Ishmael Jones,Female,38,Canada
1232,Lizzy Luis,Female,41,Canada
1233,Dean Terry,Female,44,Canada
1234,Johnny Woods,Female,47,Canada
1235,Guinever Beck,Female,50,Canada
1236,Emma Johnson,Female,53,Canada
1237,Anthony Walsh,Female,56,Canada
1238,Lizzy Gold,Female,59,Canada
1239,Olivia Beck,Female,62,Canada
1240,June Terry,Female,65,Canada
1241,Tony Lopez,Female,68,Canada
1242,Kate Jenner,Female,71,Canada
1243,Ishmael Jones,Female,74,Canada
1244,Lizzy Luis,Female,77,Canada
1245,Dean Terry,Female,29,Canada
1246,Johnny Woods,Female,40,Canada
1247,June Terry,Female,50,Canada
1248,Tony Lopez,Male,21,Canada
1249,Kate Jenner,Female,92,Canada
1250,Ishmael Jones,Female,30,Canada
1251,Lizzy Luis,Female,56,Canada
1252,Dean Terry,Female,60,Canada
1253,Sarah Brown,Female,23,Canada
1254,David Wilson,Male,26,Canada
1255,Emma Johnson,Female,29,Canada
1256,Anthony Walsh,Female,32,Canada
1257,Lizzy Gold,Female,35,Canada
1258,Olivia Beck,Female,38,Canada
1259,June Terry,Female,41,Canada
1260,Tony Lopez,Female,44,Canada
1261,Kate Jenner,Female,47,Canada
1262,Ishmael Jones,Female,50,Canada
1263,Lizzy Luis,Female,53,Canada
1264,Dean Terry,Female,56,Canada
1265,Johnny Woods,Female,59,Canada
1266,Guinever Beck,Female,62,Canada
1267,Emma Johnson,Female,65,Canada
1268,Anthony Walsh,Female,68,Canada
1269,Lizzy Gold,Female,71,Canada
1270,Olivia Beck,Female,74,Canada
1271,June Terry,Female,77,Canada
1272,Tony Lopez,Female,29,Canada
1273,Kate Jenner,Female,40,Canada
1274,Ishmael Jones,Female,50,Canada
1275,Lizzy Luis,Male,21,Canada
1276,Dean Terry,Female,92,Canada
1277,Johnny Woods,Female,30,Canada
1278,June Terry,Female,28,Canada
1279,Sarah Brown,Female,41,Canada
1280,David Wilson,Female,35,Canada
1281,Emma Johnson,Female,22,Canada
1282,Anthony Walsh,Male,28,Canada
1283,Lizzy Gold,Female,29,Canada
1284,Olivia Beck,Female,30,Canada
1285,June Terry,Female,31,Canada
1286,Tony Lopez,Female,20,Canada
1287,Kate Jenner,Female,60,Canada
1288,Ishmael Jones,Female,29,Canada
1289,Lizzy Luis,Female,40,Canada
1290,Dean Terry,Female,21,Canada
1291,Johnny Woods,Male,45,Canada
1292,Guinever Beck,Female,45,Canada
1293,Emma Johnson,Female,45,Canada
1294,Anthony Walsh,Female,45,Canada
1295,Lizzy Gold,Female,45,Canada
1296,Olivia Beck,Female,21,Canada
1297,June Terry,Female,67,Canada
1298,Tony Lopez,Male,69,Canada
1299,Kate Jenner,Female,71,Canada
1300,Ishmael Jones,Female,73,Canada
1301,Lizzy Luis,Female,75,Canada
1302,Dean Terry,Female,77,Canada
1303,Johnny Woods,Female,49,Canada
1304,June Terry,Female,50,Canada
1305,Tony Lopez,Male,51,Canada
1306,Kate Jenner,Female,52,Canada
1307,Ishmael Jones,Female,53,Canada
1308,Lizzy Luis,Female,54,Canada
1309,Dean Terry,Female,32,Canada
1310,Sarah Brown,Female,33,Canada
1311,David Wilson,Female,34,Canada
1312,Emma Johnson,Female,35,Canada
1313,Anthony Walsh,Female,36,Canada
1314,Lizzy Gold,Female,37,Canada
1315,Olivia Beck,Female,38,Canada
1316,June Terry,Female,39,Canada
1317,Tony Lopez,Female,40,Canada
1318,Kate Jenner,Female,41,Canada
1319,Ishmael Jones,Female,42,Canada
1320,Lizzy Luis,Female,43,Canada
1321,Dean Terry,Female,44,Canada
1322,Johnny Woods,Female,45,Canada
1323,Guinever Beck,Female,46,Canada
1324,Sarah Brown,Female,47,Canada
1325,David Wilson,Female,48,Canada
1326,Emma Johnson,Female,21,Canada
1327,Anthony Walsh,Female,23,Canada
1328,Lizzy Gold,Female,25,Canada
1329,Olivia Beck,Female,27,Canada
1330,June Terry,Female,29,Canada
1331,Tony Lopez,Female,31,Canada
1332,Kate Jenner,Female,33,Canada
1333,Ishmael Jones,Female,35,Canada
1334,Lizzy Luis,Female,37,Canada
1335,Dean Terry,Female,39,Canada
1336,Johnny Woods,Female,41,Canada
1337,Guinever Beck,Female,43,Canada
1338,Emma Johnson,Female,45,Canada
1339,Anthony Walsh,Female,47,Canada
1340,Lizzy Gold,Female,49,Canada
1341,Olivia Beck,Female,51,Canada
1342,June Terry,Female,53,Canada
1343,Tony Lopez,Female,55,Canada
1344,Kate Jenner,Female,57,Canada
1345,Ishmael Jones,Female,59,Canada
1346,Lizzy Luis,Female,61,Canada
1347,Dean Terry,Female,63,Canada
1348,Johnny Woods,Female,65,Canada
1349,June Terry,Female,41,Canada
1350,Tony Lopez,Female,43,Canada
1351,Kate Jenner,Female,45,Canada
1352,Sarah Brown,Female,47,Canada
1353,David Wilson,Female,49,Canada
1354,Emma Johnson,Female,51,Canada
1355,Anthony Walsh,Female,53,Canada
1356,Lizzy Gold,Female,55,Canada
1357,Olivia Beck,Female,57,Canada
1358,June Terry,Female,59,Canada
1359,Tony Lopez,Female,61,Canada
1360,Kate Jenner,Female,45,Canada
1361,Ishmael Jones,Female,45,Canada
1362,Lizzy Luis,Female,21,Canada
1363,Dean Terry,Female,67,Canada
1364,Johnny Woods,Female,69,Canada
1365,Guinever Beck,Female,71,Canada
1366,Emma Johnson,Female,73,Canada
1367,Anthony Walsh,Female,75,Canada
1368,Lizzy Gold,Female,22,Canada
1369,Olivia Beck,Female,49,Canada
1370,June Terry,Female,50,Canada
1371,Tony Lopez,Female,51,Canada
1372,Kate Jenner,Female,39,Canada
1373,Ishmael Jones,Female,53,Canada
1374,Lizzy Luis,Female,54,Canada
1375,Dean Terry,Female,32,Canada
1376,Johnny Woods,Female,33,Canada
1377,June Terry,Female,34,Canada
1378,Tony Lopez,Female,21,Canada
1379,Kate Jenner,Female,36,Canada
1380,Ishmael Jones,Female,37,Canada
1381,Lizzy Luis,Female,38,Canada
1382,Dean Terry,Female,34,Canada
1383,Nathalie verity,Female,36,Canada
1384,John Smith,Female,38,Canada
1385,Sarah Brown,Female,40,Canada
1386,David Wilson,Female,42,Canada
1387,Emma Johnson,Female,44,Canada
1388,Anthony Walsh,Female,40,Canada
1389,Otto Mian,Female,48,Canada
1390,Lana Del,Female,34,Canada
1391,Vivian June,Female,35,Canada
1392,Ken Benson,Female,35,Canada
1393,Ken Benson,Female,35,Canada
1394,Ben Hardy,Female,35,Canada
1395,Stephen Woods,Female,35,Canada
1396,Jerry Allen,Female,35,Canada
1397,Otto Mian,Female,35,Canada
1398,Lana Del,Female,35,Canada
1399,Vivian June,Female,35,Canada
1400,Marian Rose,Female,22,Canada
1401,Jenny Mira,Female,35,Canada
1402,Kira Benson,Female,34,Canada
1403,Bently Hogan,Female,35,Canada
1404,Hughes Jenny,Female,35,Canada
1405,Ishmael Jones,Female,35,Canada
1406,Lizzy Luis,Female,35,Canada
1407,Dean Terry,Female,67,Canada
1408,Johnny Woods,Female,35,Canada
1409,John Smith,Female,32,Canada
1410,Sarah Brown,Female,28,Canada
1411,John Smith,Female,41,Canada
1412,Sarah Brown,Female,35,Canada
1413,David Wilson,Female,22,Canada
1414,Emma Johnson,Female,28,Canada
1415,Anthony Walsh,Female,29,Canada
1416,Otto Mian,Female,30,Canada
1417,Lana Del,Female,31,Canada
1418,Vivian June,Female,20,Canada
1419,Ken Benson,Female,60,Canada
1420,Ken Benson,Female,29,Canada
1421,Ben Hardy,Female,40,Canada
1422,Stephen Woods,Female,21,Canada
1423,Jerry Allen,Female,45,Canada
1424,Otto Mian,Female,45,Canada
1425,Lana Del,Female,45,Canada
1426,Vivian June,Female,45,Canada
1427,Marian Rose,Female,45,Canada
1428,Jenny Mira,Female,21,Canada
1429,Kira Benson,Female,67,Canada
1430,Bently Hogan,Female,69,Canada
1431,Hughes Jenny,Female,71,Canada
1432,Ishmael Jones,Female,73,Canada
1433,Lizzy Luis,Female,75,Canada
1434,Dean Terry,Female,77,Canada
1435,Johnny Woods,Female,49,Canada
1436,John Smith,Female,50,Canada
1437,Sarah Brown,Female,51,Canada
1438,David Wilson,Female,52,Canada
1439,John Smith,Female,53,Canada
1440,Sarah Brown,Female,54,Canada
1441,David Wilson,Female,32,Canada
1442,Emma Johnson,Female,33,Canada
1443,Anthony Walsh,Female,34,Canada
1444,Otto Mian,Female,35,Canada
1445,Lana Del,Female,36,Canada
1446,Vivian June,Female,37,Canada
1447,Ken Benson,Female,38,Canada
1448,Ken Benson,Female,39,Canada
1449,Ben Hardy,Female,40,Canada
1450,Stephen Woods,Female,41,Canada
1451,Jerry Allen,Female,42,Canada
1452,Otto Mian,Female,43,Canada
1453,Lana Del,Female,44,Canada
1454,Vivian June,Female,45,Canada
1455,Marian Rose,Female,46,Canada
1456,Jenny Mira,Female,47,Canada
1457,Kira Benson,Female,48,Canada
1458,Bently Hogan,Female,21,Canada
1459,Hughes Jenny,Female,23,Canada
1460,Ishmael Jones,Female,25,Canada
1461,Lizzy Luis,Female,27,Canada
1462,Dean Terry,Female,29,Canada
1463,Johnny Woods,Female,31,Canada
1464,John Smith,Female,33,Canada
1465,Sarah Brown,Female,35,Canada
1466,David Wilson,Female,37,Canada
1467,Emma Johnson,Female,39,Canada
1468,Anthony Walsh,Female,41,Canada
1469,John Smith,Female,43,Canada
1470,Sarah Brown,Female,45,Canada
1471,David Wilson,Female,47,Canada
1472,Emma Johnson,Female,49,Canada
1473,Anthony Walsh,Female,51,Canada
1474,Otto Mian,Female,53,Canada
1475,Lana Del,Female,55,Canada
1476,Vivian June,Female,57,Canada
1477,Ken Benson,Female,59,Canada
1478,Ken Benson,Female,61,Canada
1479,Ben Hardy,Female,63,Canada
1480,Stephen Woods,Female,65,Canada
1481,Jerry Allen,Female,41,Canada
1482,Otto Mian,Female,43,Canada
1483,Lana Del,Female,45,Canada
1484,Vivian June,Female,47,Canada
1485,Marian Rose,Female,49,Canada
1486,Jenny Mira,Female,51,Canada
1487,Kira Benson,Female,53,Canada
1488,Bently Hogan,Female,55,Canada
1489,Hughes Jenny,Female,57,Canada
1490,Ishmael Jones,Female,59,Canada
1491,Lizzy Luis,Female,61,Canada
1492,Dean Terry,Female,45,Canada
1493,Johnny Woods,Female,45,Canada
1494,John Smith,Female,21,Canada
1495,Sarah Brown,Female,67,Canada
1496,David Wilson,Female,69,Canada
1497,Emma Johnson,Female,71,Canada
1498,John Smith,Female,73,Canada
1499,Sarah Brown,Female,75,Canada
1500,David Wilson,Female,22,Canada
1501,Emma Johnson,Female,49,Canada
1502,Anthony Walsh,Female,50,Canada
1503,Otto Mian,Female,51,Canada
1504,John Smith,Female,39,Canada
1505,Sarah Brown,Female,53,Canada
1506,David Wilson,Female,54,Canada
1507,Emma Johnson,Female,32,Canada
1508,Anthony Walsh,Female,33,Canada
1509,Otto Mian,Female,34,Canada
1510,Lana Del,Female,21,Canada
1511,Vivian June,Female,36,Canada
1512,Ken Benson,Female,37,Canada
1513,Ken Benson,Female,38,Canada
1514,Ben Hardy,Female,34,Canada
1515,Stephen Woods,Female,36,Canada
1516,Jerry Allen,Female,38,Canada
1517,Otto Mian,Female,40,Canada
1518,Lana Del,Female,42,Canada
1519,Vivian June,Female,44,Canada
1520,Marian Rose,Female,221,Canada
1521,Jenny Mira,Female,48,Canada
1522,Kira Benson,Female,34,Canada
1523,Bently Hogan,Female,35,Canada
1524,Hughes Jenny,Female,35,Canada
1525,Ishmael Jones,Female,35,Canada
1526,Lizzy Luis,Female,35,Canada
1527,Dean Terry,Female,35,Canada
1528,Johnny Woods,Female,35,Canada
1529,John Smith,Female,35,Canada
1530,Sarah Brown,Female,35,Canada
1531,David Wilson,Female,35,Canada
1532,Emma Johnson,Female,22,Canada
1533,Anthony Walsh,Female,35,Canada
1534,Lizzy Gold,Female,34,Canada
1535,Olivia Beck,Female,35,Canada
1536,Tony Lopez,Female,35,Canada
1537,John Smith,Female,35,Canada
1538,Sarah Brown,Female,35,Canada
1539,David Wilson,Female,67,Canada
1540,Emma Johnson,Female,35,Canada
1541,Anthony Walsh,Female,34,Canada
1542,Otto Mian,Female,35,Canada
1543,Lana Del,Female,21,Canada
1544,Vivian June,Female,81,Canada
1545,Ken Benson,Female,35,Canada
1546,Ken Benson,Female,35,Canada
1547,Ben Hardy,Female,22,Canada
1548,Stephen Woods,Female,23,Canada
1549,Jerry Allen,Female,24,Canada
1550,Otto Mian,Female,25,Canada
1551,Lana Del,Female,26,Canada
1552,Vivian June,Female,27,Canada
1553,Marian Rose,Female,28,Canada
1554,Jenny Mira,Female,29,Canada
1555,Kira Benson,Female,30,Canada
1556,Bently Hogan,Female,31,Canada
1557,Hughes Jenny,Female,32,Canada
1558,Ishmael Jones,Female,33,Canada
1559,Lizzy Luis,Female,34,Canada
1560,Dean Terry,Female,35,Canada
1561,Johnny Woods,Female,36,Canada
1562,John Smith,Female,37,Canada
1563,Sarah Brown,Female,38,Canada
1564,David Wilson,Female,39,Canada
1565,Emma Johnson,Female,40,Canada
1566,John Smith,Female,41,Canada
1567,Sarah Brown,Female,42,Canada
1568,David Wilson,Female,43,Canada
1569,Emma Johnson,Female,44,Canada
1570,Anthony Walsh,Female,45,Canada
1571,Otto Mian,Female,46,Canada
1572,Lana Del,Female,47,Canada
1573,Vivian June,Female,48,Canada
1574,Ken Benson,Female,49,Canada
1575,Ken Benson,Female,50,Canada
1576,Ben Hardy,Female,52,Canada
1577,Stephen Woods,Female,54,Canada
1578,Jerry Allen,Female,56,Canada
1579,Otto Mian,Female,58,Canada
1580,Lana Del,Female,60,Canada
1581,Vivian June,Female,62,Canada
1582,Marian Rose,Female,64,Canada
1583,Jenny Mira,Female,43,Canada
1584,Kira Benson,Female,68,Canada
1585,Bently Hogan,Female,70,Canada
1586,Hughes Jenny,Female,56,Canada
1587,Ishmael Jones,Female,78,Canada
1588,Lizzy Luis,Female,20,Canada
1589,Dean Terry,Female,19,Canada
1590,Johnny Woods,Female,20,Canada
1591,John Smith,Female,17,Canada
1592,Sarah Brown,Female,34,Canada
1593,David Wilson,Female,51,Canada
1594,Emma Johnson,Female,68,Canada
1595,Anthony Walsh,Female,85,Canada
1596,John Smith,Female,30,Canada
1597,Sarah Brown,Female,36,Canada
1598,David Wilson,Female,42,Canada
1599,Emma Johnson,Female,48,Canada
1600,Anthony Walsh,Female,54,Canada
1601,Otto Mian,Female,60,Canada
1602,Lana Del,Female,66,Canada
1603,Vivian June,Female,72,Canada
1604,Ken Benson,Female,78,Canada
1605,Ken Benson,Female,84,Canada
1606,Ben Hardy,Female,22,Canada
1607,Stephen Woods,Female,24,Canada
1608,Jerry Allen,Female,28,Canada
1609,Otto Mian,Female,32,Canada
1610,Lana Del,Female,36,Canada
1611,Vivian June,Female,40,Canada
1612,Marian Rose,Female,44,Canada
1613,Jenny Mira,Female,48,Canada
1614,Kira Benson,Female,52,Canada
1615,Bently Hogan,Female,56,Canada
1616,Hughes Jenny,Female,60,Canada
1617,Ishmael Jones,Female,25,Canada
1618,Lizzy Luis,Female,35,Canada
1619,Dean Terry,Female,45,Canada
1620,Johnny Woods,Female,55,Canada
1621,John Smith,Female,65,Canada
1622,Sarah Brown,Female,75,Canada
1623,David Wilson,Female,20,Canada
1624,Emma Johnson,Female,24,Canada
1625,Anthony Walsh,Female,28,Canada
1626,Lizzy Gold,Female,32,Canada
1627,John Smith,Female,36,Canada
1628,Sarah Brown,Female,40,Canada
1629,David Wilson,Female,44,Canada
1630,Emma Johnson,Female,48,Canada
1631,Anthony Walsh,Female,52,Canada
1632,Otto Mian,Female,56,Canada
1633,Lana Del,Female,60,Canada
1634,Vivian June,Female,23,Canada
1635,Ken Benson,Female,26,Canada
1636,Ken Benson,Female,29,Canada
1637,Ben Hardy,Female,32,Canada
1638,Stephen Woods,Female,35,Canada
1639,Jerry Allen,Female,38,Canada
1640,Otto Mian,Female,41,Canada
1641,Lana Del,Female,44,Canada
1642,Vivian June,Female,47,Canada
1643,Marian Rose,Female,50,Canada
1644,Jenny Mira,Female,53,Canada
1645,Kira Benson,Female,56,Canada
1646,Bently Hogan,Female,59,Canada
1647,Hughes Jenny,Female,62,Canada
1648,Ishmael Jones,Female,65,Canada
1649,Lizzy Luis,Female,68,Canada
1650,Dean Terry,Female,71,Canada
1651,Johnny Woods,Female,74,Canada
1652,John Smith,Female,77,Canada
1653,Sarah Brown,Female,29,Canada
1654,David Wilson,Female,40,Canada
1655,Emma Johnson,Female,50,Canada
1656,Anthony Walsh,Female,21,Canada
1657,Lizzy Gold,Female,92,Canada
1658,John Smith,Female,30,Canada
1659,Sarah Brown,Female,56,Canada
1660,David Wilson,Female,60,Canada
1661,Emma Johnson,Female,23,Canada
1662,Anthony Walsh,Female,26,Canada
1663,Otto Mian,Female,29,Canada
1664,Lana Del,Female,32,Canada
1665,Vivian June,Female,35,Canada
1666,Ken Benson,Female,38,Canada
1667,Ken Benson,Female,41,Canada
1668,Ben Hardy,Female,44,Canada
1669,Stephen Woods,Female,47,Canada
1670,Jerry Allen,Female,50,Canada
1671,Otto Mian,Female,53,Canada
1672,Lana Del,Female,56,Canada
1673,Vivian June,Female,59,Canada
1674,Marian Rose,Female,62,Canada
1675,Jenny Mira,Female,65,Canada
1676,Kira Benson,Female,68,Canada
1677,Bently Hogan,Female,71,Canada
1678,Hughes Jenny,Female,74,Canada
1679,Ishmael Jones,Female,77,Canada
1680,Lizzy Luis,Female,29,Canada
1681,Dean Terry,Female,40,Canada
1682,Johnny Woods,Female,50,Canada
1683,John Smith,Female,21,Canada
1684,Sarah Brown,Female,92,Canada
1685,David Wilson,Female,30,Canada
1686,Emma Johnson,Female,28,Canada
1687,Anthony Walsh,Female,41,Canada
1688,Lizzy Gold,Female,35,Canada
1689,John Smith,Female,22,Canada
1690,Sarah Brown,Female,28,Canada
1691,David Wilson,Female,29,Canada
1692,Emma Johnson,Female,30,Canada
1693,Anthony Walsh,Female,31,Canada
1694,Otto Mian,Female,20,Canada
1695,Lana Del,Female,60,Canada
1696,Vivian June,Female,29,Canada
1697,Ken Benson,Female,40,Canada
1698,Ken Benson,Female,21,Canada
1699,Ben Hardy,Female,45,Canada
1700,Stephen Woods,Female,45,Canada
1701,Jerry Allen,Female,45,Canada
1702,Otto Mian,Female,45,Canada
1703,Lana Del,Female,45,Canada
1704,Vivian June,Female,21,Canada
1705,Marian Rose,Female,67,Canada
1706,Jenny Mira,Female,69,Canada
1707,Kira Benson,Female,71,Canada
1708,Bently Hogan,Female,73,Canada
1709,Hughes Jenny,Female,75,Canada
1710,Ishmael Jones,Female,77,Canada
1711,Hughes Jenny,Female,49,Canada
1712,Ishmael Jones,Female,50,Canada
1713,Lizzy Luis,Female,51,Canada
1714,Dean Terry,Female,52,Canada
1715,Johnny Woods,Female,53,Canada
1716,John Smith,Female,54,Canada
1717,Sarah Brown,Female,32,Canada
1718,David Wilson,Female,33,Canada
1719,Emma Johnson,Female,34,Canada
1720,Anthony Walsh,Female,35,Canada
1721,Lizzy Gold,Female,36,Canada
1722,John Smith,Female,37,Canada
1723,Sarah Brown,Female,38,Canada
1724,David Wilson,Female,39,Canada
1725,Emma Johnson,Female,40,Canada
1726,Anthony Walsh,Female,41,Canada
1727,Otto Mian,Female,42,Canada
1728,Lana Del,Female,43,Canada
1729,Vivian June,Female,44,Canada
1730,Hughes Jenny,Female,45,Canada
1731,Ishmael Jones,Female,46,Canada
1732,Lizzy Luis,Female,47,Canada
1733,Dean Terry,Female,48,Canada
1734,Johnny Woods,Female,21,Canada
1735,John Smith,Female,23,Canada
1736,Sarah Brown,Female,25,Canada
1737,David Wilson,Female,27,Canada
1738,Emma Johnson,Female,29,Canada
1739,Anthony Walsh,Female,31,Canada
1740,Lizzy Gold,Female,33,Canada
1741,John Smith,Female,35,Canada
1742,Sarah Brown,Female,37,Canada
1743,David Wilson,Female,39,Canada
1744,Emma Johnson,Female,41,Canada
1745,Anthony Walsh,Female,43,Canada
1746,Otto Mian,Female,45,Canada
1747,Lana Del,Female,47,Canada
1748,Vivian June,Female,49,Canada
1749,Ken Benson,Female,51,Canada
1750,Hughes Jenny,Female,53,Canada
1751,Ishmael Jones,Female,55,Canada
1752,Lizzy Luis,Female,57,Canada
1753,Dean Terry,Female,59,Canada
1754,Johnny Woods,Female,61,Canada
1755,John Smith,Female,63,Canada
1756,Sarah Brown,Female,65,Canada
1757,David Wilson,Female,41,Canada
1758,Emma Johnson,Female,43,Canada
1759,Anthony Walsh,Female,45,Canada
1760,Lizzy Gold,Female,47,Canada
1761,John Smith,Female,49,Canada
1762,Sarah Brown,Female,51,Canada
1763,David Wilson,Female,53,Canada
1764,Emma Johnson,Female,55,Canada
1765,Anthony Walsh,Female,57,Canada
1766,Otto Mian,Female,59,Canada
1767,Lana Del,Female,61,Canada
1768,Vivian June,Female,45,Canada
1769,Ken Benson,Female,45,Canada
1770,Ken Benson,Female,21,Canada
1771,Emma Johnson,Female,67,Canada
1772,Anthony Walsh,Female,69,Canada
1773,Lizzy Gold,Female,71,Canada
1774,John Smith,Female,73,Canada
1775,Sarah Brown,Female,75,Canada
1776,David Wilson,Female,22,Canada
1777,Emma Johnson,Female,49,Canada
1778,Anthony Walsh,Female,50,Canada
1779,Otto Mian,Female,51,Canada
1780,Lana Del,Female,39,Canada
1781,Vivian June,Female,53,Canada
1782,Ken Benson,Female,54,Canada
1783,Hughes Jenny,Female,32,Canada
1784,Ishmael Jones,Female,33,Canada
1785,Lizzy Luis,Female,34,Canada
1786,Dean Terry,Female,21,Canada
1787,Johnny Woods,Female,36,Canada
1788,John Smith,Female,37,Canada
1789,Sarah Brown,Female,38,Canada
1790,David Wilson,Female,34,Canada
1791,Emma Johnson,Female,36,Canada
1792,Anthony Walsh,Female,38,Canada
1793,Lizzy Gold,Female,40,Canada
1794,John Smith,Female,42,Canada
1795,Sarah Brown,Female,44,Canada
1796,Emma Johnson,Female,60,Canada
1797,Anthony Walsh,Female,48,Canada
1798,Lizzy Gold,Female,34,Canada
1799,John Smith,Female,35,Canada
1800,Sarah Brown,Female,35,Canada
1801,David Wilson,Female,35,Canada
1802,Emma Johnson,Female,35,Canada
1803,Anthony Walsh,Female,35,Canada
1804,Otto Mian,Female,35,Canada
1805,Lana Del,Female,35,Canada
1806,Vivian June,Female,35,Canada
1807,Ken Benson,Female,35,Canada
1808,Hughes Jenny,Female,22,Canada
1809,Ishmael Jones,Female,35,Canada
1810,Lizzy Luis,Female,34,Canada
1811,Dean Terry,Female,32,Canada
1812,Johnny Woods,Female,28,Canada
1813,John Smith,Female,41,Canada
1814,Sarah Brown,Female,35,Canada
1815,David Wilson,Female,22,Canada
1816,Emma Johnson,Female,28,Canada
1817,Anthony Walsh,Female,29,Canada
1818,Lizzy Gold,Female,30,Canada
1819,John Smith,Female,31,Canada
1820,Sarah Brown,Female,20,Canada
1821,Emma Johnson,Female,60,Canada
1822,Anthony Walsh,Female,29,Canada
1823,Lizzy Gold,Female,40,Canada
1824,John Smith,Female,21,Canada
1825,Sarah Brown,Female,45,Canada
1826,David Wilson,Female,45,Canada
1827,Emma Johnson,Female,45,Canada
1828,Anthony Walsh,Female,45,Canada
1829,Otto Mian,Female,45,Canada
1830,Lana Del,Female,21,Canada
1831,Vivian June,Female,67,Canada
1832,Ken Benson,Female,69,Canada
1833,Hughes Jenny,Female,71,Canada
1834,Ishmael Jones,Female,73,Canada
1835,Lizzy Luis,Female,75,Canada
1836,Dean Terry,Female,77,Canada
1837,Johnny Woods,Female,49,Canada
1838,John Smith,Female,50,Canada
1839,Sarah Brown,Female,51,Canada
1840,Emma Johnson,Female,52,Canada
1841,Anthony Walsh,Female,53,Canada
1842,Lizzy Gold,Female,54,Canada
1843,John Smith,Female,32,Canada
1844,Sarah Brown,Female,33,Canada
1845,David Wilson,Female,34,Canada
1846,Emma Johnson,Female,35,Canada
1847,Anthony Walsh,Female,36,Canada
1848,,Female,37,Canada
1849,Lana Del,Female,38,Canada
1850,Vivian June,Female,39,Canada
1851,Ken Benson,Female,40,Canada
1852,Hughes Jenny,Female,41,Canada
1853,Ishmael Jones,Female,42,Canada
1854,Emma Johnson,Female,43,Canada
1855,,Female,44,Canada
1856,Lizzy Gold,Female,45,Canada
1857,John Smith,Female,46,Canada
1858,,Female,47,Canada
1859,David Wilson,Female,48,Canada
1860,Emma Johnson,Female,21,Canada
1861,Anthony Walsh,Female,23,Canada
1862,Otto Mian,Female,25,Canada
1863,Lana Del,Female,27,Canada
1864,Vivian June,Female,29,Canada
1865,Ken Benson,Female,31,Canada
1866,Hughes Jenny,Female,33,Canada
1867,Ishmael Jones,Female,35,Canada
1868,Lizzy Luis,Female,37,Canada
1869,Dean Terry,Female,39,Canada
1870,Johnny Woods,Female,41,Canada
1871,John Smith,Female,43,Canada
1872,Sarah Brown,Female,45,Canada
1873,David Wilson,Female,47,Canada
1874,Emma Johnson,Female,49,Canada
1875,Anthony Walsh,Female,51,Canada
1876,Lizzy Gold,Female,53,Canada
1877,John Smith,Female,55,Canada
1878,Sarah Brown,Female,57,Canada
1879,David Wilson,Female,59,Canada
1880,Emma Johnson,Female,61,Canada
1881,Anthony Walsh,Female,63,Canada
1882,Emma Johnson,Female,65,Canada
1883,Anthony Walsh,Female,41,Canada
1884,Lizzy Gold,Female,43,Canada
1885,John Smith,Female,45,Canada
1886,Sarah Brown,Female,47,Canada
1887,David Wilson,Female,49,Canada
1888,Emma Johnson,Female,51,Canada
1889,Anthony Walsh,Female,53,Canada
1890,Otto Mian,Female,55,Canada
1891,Lana Del,Female,57,Canada
1892,Vivian June,Female,59,Canada
1893,Ken Benson,Female,61,Canada
1894,Hughes Jenny,Female,45,Canada
1895,Ishmael Jones,Female,45,Canada
1896,Lizzy Luis,Female,21,Canada
1897,Dean Terry,Female,67,Canada
1898,Johnny Woods,Female,69,Canada
1899,John Smith,Female,71,Canada
1900,Sarah Brown,Female,73,Canada
1901,David Wilson,Female,75,Canada
1902,Emma Johnson,Female,22,Canada
1903,Anthony Walsh,Female,49,Canada
1904,Lizzy Gold,Female,50,Canada
1905,John Smith,Female,51,Canada
1906,Sarah Brown,Female,39,Canada
1907,David Wilson,Female,53,Canada
1908,Emma Johnson,Female,54,Canada
1909,Anthony Walsh,Female,32,Canada
1910,Otto Mian,Female,33,Canada
1911,Emma Johnson,Female,34,Canada
1912,Anthony Walsh,Female,21,Canada
1913,Lizzy Gold,Female,36,Canada
1914,John Smith,Female,37,Canada
1915,Sarah Brown,Female,38,Canada
1916,David Wilson,Female,34,Canada
1917,Emma Johnson,Female,36,Canada
1918,Anthony Walsh,Female,38,Canada
1919,Otto Mian,Female,40,Canada
1920,Lana Del,Female,42,Canada
1921,Vivian June,Female,44,Canada
1922,Ken Benson,Female,30,Canada
1923,Hughes Jenny,Female,48,Canada
1924,Ishmael Jones,Female,34,Canada
1925,John Smith,Female,35,Canada
1926,Sarah Brown,Female,35,Canada
1927,David Wilson,Female,35,Canada
1928,Emma Johnson,Female,35,Canada
1929,Anthony Walsh,Female,35,Canada
1930,Lizzy Gold,Female,35,Canada
1931,Emma Johnson,Female,35,Canada
1932,Anthony Walsh,Female,35,Canada
1933,Lizzy Gold,Female,35,Canada
1934,John Smith,Female,22,Canada
1935,Sarah Brown,Female,35,Canada
1936,David Wilson,Female,34,Canada
1937,Emma Johnson,Female,35,Canada
1938,Anthony Walsh,Female,35,Canada
1939,Jane ken,Female,35,Canada
1940,Otto Mian,Female,35,Canada
1941,Emma Johnson,Female,67,Canada
1942,Anthony Walsh,Female,35,Canada
1943,Lizzy Gold,Female,34,Canada
1944,John Smith,Female,35,Canada
1945,Sarah Brown,Female,21,Canada
1946,David Wilson,Female,81,Canada
1947,Emma Johnson,Female,35,Canada
1948,Anthony Walsh,Female,35,Canada
1949,Otto Mian,Female,22,Canada
1950,Lana Del,Female,23,Canada
1951,Vivian June,Female,24,Canada
1952,Ken Benson,Female,25,Canada
1953,Hughes Jenny,Female,26,Canada
1954,Ishmael Jones,Female,27,Canada
1955,John Smith,Female,28,Canada
1956,Sarah Brown,Female,29,Canada
1957,David Wilson,Female,30,Canada
1958,Emma Johnson,Female,31,Canada
1959,Anthony Walsh,Female,32,Canada
1960,Lizzy Gold,Female,33,Canada
1961,Emma Johnson,Female,34,Canada
1962,Anthony Walsh,Female,35,Canada
1963,Lizzy Gold,Female,36,Canada
1964,John Smith,Female,37,Canada
1965,Sarah Brown,Female,38,Canada
1966,David Wilson,Female,39,Canada
1967,Emma Johnson,Female,40,Canada
1968,Anthony Walsh,Female,41,Canada
1969,Emma Johnson,Female,42,Canada
1970,Anthony Walsh,Female,43,Canada
1971,Lizzy Gold,Female,44,Canada
1972,John Smith,Female,45,Canada
1973,Sarah Brown,Female,46,Canada
1974,David Wilson,Female,47,Canada
1975,Emma Johnson,Female,48,Canada
1976,Anthony Walsh,Female,49,Canada
1977,John Smith,Female,50,Canada
1978,Sarah Brown,Female,52,Canada
1979,David Wilson,Female,54,Canada
1980,Emma Johnson,Female,56,Canada
1981,Anthony Walsh,Female,58,Canada
1982,Otto Mian,Female,60,Canada
1983,Lana Del,Female,62,Canada
1984,Vivian June,Female,64,Canada
1985,Ken Benson,Female,43,Canada
1986,Hughes Jenny,Female,68,Canada
1987,Ishmael Jones,Female,70,Canada
1988,Lizzy Luis,Female,56,Canada
1989,Dean Terry,Female,78,Canada
1990,Johnny Woods,Female,20,Canada
1991,John Smith,Female,19,Canada
1992,Sarah Brown,Female,20,Canada
1993,Emma Johnson,Female,17,Canada
1994,Anthony Walsh,Female,34,Canada
1995,Lizzy Gold,Female,51,Canada
1996,John Smith,Female,68,Canada
1997,Sarah Brown,Female,85,Canada
1998,David Wilson,Female,30,Canada
1999,Emma Johnson,Female,36,Canada
2000,Anthony Walsh,Female,42,Canada
,Otto Mian,Female,48,Canada
,Lana Del,Female,54,Canada
,Vivian June,Female,60,Canada
,Ken Benson,Female,66,Canada
,Hughes Jenny,Female,72,Canada
,Ishmael Jones,Female,78,Canada
,Emma Johnson,Female,84,Canada
,Anthony Walsh,Female,22,Canada
,Lizzy Gold,Female,24,Canada
,John Smith,Female,28,Canada
,Sarah Brown,Female,32,Canada
,David Wilson,Female,36,Canada
,Emma Johnson,Female,40,Canada
,Anthony Walsh,Female,44,Canada
,Otto Mian,Female,48,Canada
,Lana Del,Female,52,Canada
,Vivian June,Female,56,Canada
,Ken Benson,Female,60,Canada
,Hughes Jenny,Female,25,Canada
,Ishmael Jones,Female,35,Canada
,Lizzy Luis,Female,45,Canada
,Dean Terry,Female,55,Canada
,Johnny Woods,Female,65,Canada
,John Smith,Female,75,Canada
,Sarah Brown,Female,20,Canada
,David Wilson,Female,24,Canada
,Emma Johnson,Female,28,Canada
,Anthony Walsh,Female,32,Canada
,Lizzy Gold,Female,36,Canada
,John Smith,Female,40,Canada
,Sarah Brown,Female,44,Canada
,David Wilson,Female,48,Canada
,Emma Johnson,Female,52,Canada
,Anthony Walsh,Female,56,Canada
,Emma Johnson,Female,60,Canada
,Anthony Walsh,Female,23,Canada
,Lizzy Gold,Female,26,Canada
,John Smith,Female,29,Canada
,Sarah Brown,Female,32,Canada
,David Wilson,Female,35,Canada
,Emma Johnson,Female,38,Canada
,Anthony Walsh,Female,41,Canada
,Otto Mian,Female,44,Canada
,Lana Del,Female,47,Canada
,Vivian June,Female,50,Canada
,Ken Benson,Female,53,Canada
,Hughes Jenny,Female,56,Canada
,Ishmael Jones,Female,59,Canada
,Lizzy Luis,Female,62,Canada
,Dean Terry,Female,65,Canada
,Johnny Woods,Female,68,Canada
,John Smith,Female,71,Canada
,Sarah Brown,Female,74,Canada
,David Wilson,Female,77,Canada
,Emma Johnson,Female,29,Canada
,Anthony Walsh,Female,40,Canada
,Lizzy Gold,Female,50,Canada
,John Smith,Female,21,Canada
,Sarah Brown,Female,92,Canada
,David Wilson,Female,30,Canada
,Emma Johnson,Female,56,Canada
,Anthony Walsh,Female,60,Canada
,Otto Mian,Female,23,Canada
,Emma Johnson,Female,26,Canada
,Anthony Walsh,Female,29,Canada
,Lizzy Gold,Female,32,Canada
,John Smith,Female,35,Canada
,Sarah Brown,Female,38,Canada
,David Wilson,Female,41,Canada
,Emma Johnson,Female,44,Canada
,Anthony Walsh,Female,47,Canada
,Otto Mian,Female,50,Canada
,Lana Del,Female,53,Canada
,Vivian June,Female,56,Canada
,Ken Benson,Female,59,Canada
,Hughes Jenny,Female,62,Canada
,Ishmael Jones,Female,65,Canada
,John Smith,Female,68,Canada
,Sarah Brown,Female,71,Canada
,David Wilson,Female,74,Canada
,Emma Johnson,Female,77,Canada
,Anthony Walsh,Female,29,Canada
,Lizzy Gold,Female,40,Canada
,Emma Johnson,Female,50,Canada
,Anthony Walsh,Female,21,Canada
,Lizzy Gold,Female,92,Canada
,John Smith,Female,30,Canada
,Sarah Brown,Female,28,Canada
,David Wilson,Female,41,Canada
,Emma Johnson,Female,35,Canada
,Anthony Walsh,Female,22,Canada
,Jane ken,Female,28,Canada
,Otto Mian,Female,29,Canada
,Emma Johnson,Female,30,Canada
,Anthony Walsh,Female,31,Canada
,Lizzy Gold,Female,20,Canada
,John Smith,Female,60,Canada
,Sarah Brown,Female,29,Canada
,David Wilson,Female,40,Canada
,Emma Johnson,Female,21,Canada
,Anthony Walsh,Female,45,Canada
,Otto Mian,Female,45,Canada
,Lana Del,Female,45,Canada
,Vivian June,Female,45,Canada
,Ken Benson,Female,45,Canada
,Hughes Jenny,Female,21,Canada
,Ishmael Jones,Female,67,Canada
,John Smith,Female,69,Canada
,Sarah Brown,Female,71,Canada
,David Wilson,Female,73,Canada
,Emma Johnson,Female,75,Canada
,Anthony Walsh,Female,77,Canada
,Lizzy Gold,Female,49,Canada
,Emma Johnson,Female,50,Canada
,Anthony Walsh,Female,51,Canada
,Lizzy Gold,Female,52,Canada
,John Smith,Female,53,Canada
,Sarah Brown,Female,54,Canada
,David Wilson,Female,32,Canada
,Emma Johnson,Female,33,Canada
,Anthony Walsh,Female,34,Canada
,Emma Johnson,Female,35,Canada
,Anthony Walsh,Female,36,Canada
,Lizzy Gold,Female,37,Canada
,John Smith,Female,38,Canada
,Sarah Brown,Female,39,Canada
,David Wilson,Female,40,Canada
,Emma Johnson,Female,41,Canada
,Anthony Walsh,Female,42,Canada
,Omon Toni,Female,43,Canada
,John Smith,Female,44,Canada
,Sarah Brown,Female,45,Canada
,David Wilson,Female,46,Canada
,Emma Johnson,Female,47,Canada
,Anthony Walsh,Female,48,Canada
,Otto Mian,Female,21,Canada
,Lana Del,Female,23,Canada
,Vivian June,Female,25,Canada
,Ken Benson,Female,27,Canada
,Hughes Jenny,Female,29,Canada
,Ishmael Jones,Female,31,Canada
,Lizzy Luis,Female,33,Canada
,Dean Terry,Female,35,Canada
,Johnny Woods,Female,37,Canada
,John Smith,Female,39,Canada
,Sarah Brown,Female,41,Canada
,Emma Johnson,Female,43,Canada
,Anthony Walsh,Female,45,Canada
,Lizzy Gold,Female,47,Canada
,John Smith,Female,49,Canada
,Sarah Brown,Female,51,Canada
,David Wilson,Female,53,Canada
,Emma Johnson,Female,55,Canada
,Anthony Walsh,Female,57,Canada
,Otto Mian,Female,59,Canada
,Lana Del,Female,61,Canada
,Vivian June,Female,63,Canada
,Ken Benson,Female,65,Canada
,Hughes Jenny,Female,41,Canada
,Ishmael Jones,Female,43,Canada
,Emma Johnson,Female,45,Canada
,Anthony Walsh,Female,47,Canada
,Lizzy Gold,Female,49,Canada
,John Smith,Female,51,Canada
,Sarah Brown,Female,53,Canada
,David Wilson,Female,55,Canada
,Emma Johnson,Female,57,Canada
,Anthony Walsh,Female,59,Canada
,Otto Mian,Female,61,Canada
,Lana Del,Female,45,Canada
,Vivian June,Female,45,Canada
,Ken Benson,Female,21,Canada
,Hughes Jenny,Female,67,Canada
,Ishmael Jones,Female,69,Canada
,Lizzy Luis,Female,71,Canada
,Dean Terry,Female,73,Canada
,Johnny Woods,Female,75,Canada
,John Smith,Female,22,Canada
,Sarah Brown,Female,49,Canada
,David Wilson,Female,50,Canada
,Emma Johnson,Female,51,Canada
,Anthony Walsh,Female,39,Canada
,Lizzy Gold,Female,53,Canada
,John Smith,Female,54,Canada
,Sarah Brown,Female,32,Canada
,David Wilson,Female,33,Canada
,Emma Johnson,Female,34,Canada
,Anthony Walsh,Female,21,Canada
,Emma Johnson,Female,36,Canada
,Anthony Walsh,Female,37,Canada
,Lizzy Gold,Female,38,Canada
,John Smith,Female,34,Canada
,Sarah Brown,Female,36,Canada
,David Wilson,Female,38,Canada
,Emma Johnson,Female,40,Canada
,Anthony Walsh,Female,42,Canada
,Otto Mian,Female,44,Canada
,Lana Del,Female,32,Canada
,Vivian June,Female,28,Canada
,Ken Benson,Female,41,Canada
,Hughes Jenny,Female,35,Canada
,Ishmael Jones,Female,22,Canada
,Lizzy Luis,Female,28,Canada
,Dean Terry,Female,29,Canada
,Johnny Woods,Female,30,Canada
,John Smith,Female,31,Canada
,Sarah Brown,Female,20,Canada
,David Wilson,Female,60,Canada
,Emma Johnson,Female,29,Canada
,Anthony Walsh,Female,40,Canada
,Lizzy Gold,Female,21,Canada
,John Smith,Female,45,Canada
,Sarah Brown,Female,45,Canada
,David Wilson,Female,45,Canada
,Emma Johnson,Female,45,Canada
,Anthony Walsh,Female,45,Canada
,Otto Mian,Female,21,Canada
,Emma Johnson,Female,67,Canada
,Anthony Walsh,Female,69,Canada
,Lizzy Gold,Female,71,Canada
,John Smith,Female,73,Canada
,Sarah Brown,Female,75,Canada
,David Wilson,Female,77,Canada
,Emma Johnson,Female,49,Canada
,Anthony Walsh,Female,50,Canada
,Otto Mian,Female,51,Canada
,Lana Del,Female,52,Canada
,Vivian June,Female,53,Canada
,Ken Benson,Female,54,Canada
,Hughes Jenny,Female,32,Canada
,Ishmael Jones,Female,33,Canada
,John Smith,Female,34,Canada
,Sarah Brown,Female,35,Canada
,David Wilson,Female,36,Canada
,Emma Johnson,Female,37,Canada
,Anthony Walsh,Female,38,Canada
,Lizzy Gold,Female,39,Canada
,Emma Johnson,Female,40,Canada
,Anthony Walsh,Female,41,Canada
,Lizzy Gold,Female,42,Canada
,John Smith,Female,43,Canada
,Sarah Brown,Female,44,Canada
,David Wilson,Female,45,Canada
,Emma Johnson,Female,46,Canada
,Anthony Walsh,Female,47,Canada
,Jane ken,Female,48,Canada
,Otto Mian,Female,21,Canada
,Emma Johnson,Female,23,Canada
,Anthony Walsh,Female,25,Canada
,Lizzy Gold,Female,27,Canada
,John Smith,Female,29,Canada
,Sarah Brown,Female,31,Canada
,David Wilson,Female,33,Canada
,Emma Johnson,Female,35,Canada
,Anthony Walsh,Female,37,Canada
,Otto Mian,Female,39,Canada
,Lana Del,Female,41,Canada
,Vivian June,Female,43,Canada
,Ken Benson,Female,45,Canada
,Hughes Jenny,Female,47,Canada
,Ishmael Jones,Female,49,Canada
,John Smith,Female,51,Canada
,Sarah Brown,Female,53,Canada
,David Wilson,Female,55,Canada
,Emma Johnson,Female,57,Canada
,Anthony Walsh,Female,59,Canada
,Lizzy Gold,Female,61,Canada
,Emma Johnson,Female,63,Canada
,Anthony Walsh,Female,65,Canada
,Lizzy Gold,Female,41,Canada
,John Smith,Female,43,Canada
,Sarah Brown,Female,45,Canada
,David Wilson,Female,47,Canada
,Emma Johnson,Female,49,Canada
,Anthony Walsh,Female,51,Canada
,Emma Johnson,Female,53,Canada
,Anthony Walsh,Female,55,Canada
,Lizzy Gold,Female,57,Canada
,John Smith,Female,59,Canada
,Sarah Brown,Female,61,Canada
,David Wilson,Female,45,Canada
,John Smith,Female,45,Canada
,Sarah Brown,Female,21,Canada
,David Wilson,Female,67,Canada
,Emma Johnson,Female,69,Canada
,Anthony Walsh,Female,71,Canada
,Otto Mian,Female,73,Canada
,Lana Del,Female,75,Canada
,Vivian June,Female,22,Canada
,Ken Benson,Female,49,Canada
,Hughes Jenny,Female,50,Canada
,Ishmael Jones,Female,51,Canada
,Lizzy Luis,Female,39,Canada
,Dean Terry,Female,53,Canada
,Johnny Woods,Female,54,Canada
,John Smith,Female,32,Canada
,Sarah Brown,Female,33,Canada
,Emma Johnson,Female,34,Canada
,Anthony Walsh,Female,21,Canada
,Lizzy Gold,Female,36,Canada
,John Smith,Female,37,Canada
,Sarah Brown,Female,38,Canada
,David Wilson,Female,34,Canada
,Emma Johnson,Female,36,Canada
,Anthony Walsh,Female,38,Canada
,Otto Mian,Female,40,Canada
,Lana Del,Female,42,Canada
,Vivian June,Female,44,Canada
,Ken Benson,Female,21,Canada
,Hughes Jenny,Female,48,Canada
,Ishmael Jones,Female,34,Canada
,Emma Johnson,Female,35,Canada
,Anthony Walsh,Female,35,Canada
,Lizzy Gold,Female,35,Canada
,John Smith,Female,35,Canada
,Sarah Brown,Female,35,Canada
,David Wilson,Female,35,Canada
,Emma Johnson,Female,35,Canada
,Anthony Walsh,Female,35,Canada
,Otto Mian,Female,35,Canada
,Lana Del,Female,22,Canada
,Vivian June,Female,35,Canada
,Ken Benson,Female,34,Canada
,Hughes Jenny,Female,35,Canada
,Ishmael Jones,Female,35,Canada
,Lizzy Luis,Female,35,Canada
,Dean Terry,Female,35,Canada
,Johnny Woods,Female,67,Canada
,John Smith,Female,35,Canada
,Sarah Brown,Female,34,Canada
,David Wilson,Female,35,Canada
,Emma Johnson,Female,21,Canada
,Anthony Walsh,Female,81,Canada
,Lizzy Gold,Female,35,Canada
,John Smith,Female,35,Canada
,Sarah Brown,Female,22,Canada
,David Wilson,Female,23,Canada
,Emma Johnson,Female,24,Canada
,Anthony Walsh,Female,25,Canada
,Emma Johnson,Female,26,Canada
,Anthony Walsh,Female,27,Canada
,Lizzy Gold,Female,28,Canada
,John Smith,Female,29,Canada
,Sarah Brown,Female,30,Canada
,David Wilson,Female,31,Canada
,Emma Johnson,Female,32,Canada
,Anthony Walsh,Female,33,Canada
,Otto Mian,Female,34,Canada
,Lana Del,Female,35,Canada
,Vivian June,Female,36,Canada
,Ken Benson,Female,37,Canada
,Hughes Jenny,Female,38,Canada
,Ishmael Jones,Female,39,Canada
,Lizzy Luis,Female,40,Canada
,Dean Terry,Female,41,Canada
,Johnny Woods,Female,42,Canada
,John Smith,Female,43,Canada
,Sarah Brown,Female,44,Canada
,David Wilson,Female,45,Canada
,Emma Johnson,Female,46,Canada
,Anthony Walsh,Female,47,Canada
,Lizzy Gold,Female,48,Canada
,John Smith,Female,49,Canada
,Sarah Brown,Female,50,Canada
,David Wilson,Female,52,Canada
,Emma Johnson,Female,54,Canada
,Anthony Walsh,Female,56,Canada
,Otto Mian,Female,58,Canada
,Emma Johnson,Female,60,Canada
,Anthony Walsh,Female,62,Canada
,Lizzy Gold,Female,64,Canada
,John Smith,Female,43,Canada
,Sarah Brown,Female,68,Canada
,David Wilson,Female,70,Canada
,Emma Johnson,Female,56,Canada
,Anthony Walsh,Female,78,Canada
,Otto Mian,Female,20,Canada
,Lana Del,Female,19,Canada
,Vivian June,Female,20,Canada
,Ken Benson,Female,17,Canada
,Hughes Jenny,Female,34,Canada
,Ishmael Jones,Female,51,Canada
,John Smith,Female,68,Canada
,Sarah Brown,Female,85,Canada
,David Wilson,Female,30,Canada
,Emma Johnson,Female,36,Canada
,Anthony Walsh,Female,42,Canada
,Lizzy Gold,Female,48,Canada
,Emma Johnson,Female,54,Canada
,Anthony Walsh,Female,60,Canada
,Lizzy Gold,Female,66,Canada
,John Smith,Female,72,Canada
,Sarah Brown,Female,78,Canada
,David Wilson,Male,84,Canada
,Emma Johnson,Male,22,Canada
,Anthony Walsh,Male,24,Canada
,Jane ken,Male,28,Canada
,Otto Mian,Male,32,Canada
,Emma Johnson,Male,36,Canada
,Anthony Walsh,Male,40,Canada
,Lizzy Gold,Male,44,Canada
,John Smith,Male,48,Canada
,Sarah Brown,Male,52,Canada
,David Wilson,Male,56,Canada
,Emma Johnson,Male,60,Canada
,Anthony Walsh,Male,25,Canada
,Otto Mian,Male,35,Canada
,Lana Del,Male,45,Canada
,Vivian June,Male,55,Canada
,Ken Benson,Male,65,Canada
,Hughes Jenny,Male,75,Canada
,Ishmael Jones,Male,20,Canada
,John Smith,Male,24,Canada
,Sarah Brown,Male,28,Canada
,David Wilson,Male,32,Canada
,Emma Johnson,Male,36,Canada
,Anthony Walsh,Male,40,Canada
,Lizzy Gold,Male,44,Canada
,Emma Johnson,Male,48,Canada
,Anthony Walsh,Male,52,Canada
,Lizzy Gold,Male,56,Canada
,John Smith,Male,60,Canada
,Sarah Brown,Male,23,Canada
,David Wilson,Male,26,Canada
,Emma Johnson,Male,29,Canada
,Anthony Walsh,Male,32,Canada
,Emma Johnson,Male,35,Canada
,Anthony Walsh,Male,38,Canada
,John Smith,Male,41,Canada
,Sarah Brown,Male,44,Canada
,David Wilson,Male,47,Canada
,Emma Johnson,Male,50,Canada
,Anthony Walsh,Male,53,Canada
,Otto Mian,Male,56,Canada
,Lana Del,Male,59,Canada
,Vivian June,Male,62,Canada
,Ken Benson,Male,65,Canada
,Hughes Jenny,Male,68,Canada
,Ishmael Jones,Male,71,Canada
,Lizzy Luis,Male,74,Canada
,Dean Terry,Male,77,Canada
,Johnny Woods,Male,29,Canada
,John Smith,Male,40,Canada
,Sarah Brown,Male,50,Canada
,Emma Johnson,Male,21,Canada
,Anthony Walsh,Male,92,Canada
,Lizzy Gold,Male,30,Canada
,John Smith,Male,56,Canada
,Sarah Brown,Male,60,Canada
,David Wilson,Male,23,Canada
,Emma Johnson,Male,26,Canada
,Anthony Walsh,Male,29,Canada
,Otto Mian,Male,32,Canada
,Lana Del,Male,35,Canada
,Vivian June,Male,38,Canada
,Ken Benson,Male,41,Canada
,Hughes Jenny,Male,44,Canada
,Ishmael Jones,Male,47,Canada
,Emma Johnson,Male,50,Canada
,Anthony Walsh,Male,53,Canada
,Lizzy Gold,Male,56,Canada
,John Smith,Male,59,Canada
,Sarah Brown,Male,62,Canada
,David Wilson,Male,65,Canada
,Emma Johnson,Male,68,Canada
,Anthony Walsh,Male,71,Canada
,Otto Mian,Male,74,Canada
,Lana Del,Male,77,Canada
,Vivian June,Male,29,Canada
,Ken Benson,Male,40,Canada
,Hughes Jenny,Male,50,Canada
,Ishmael Jones,Male,21,Canada
,Lizzy Luis,Male,92,Canada
,Dean Terry,Male,30,Canada
,Johnny Woods,Male,28,Canada
,John Smith,Male,41,Canada
,Sarah Brown,Male,35,Canada
,David Wilson,Male,22,Canada
,Emma Johnson,Male,28,Canada
,Anthony Walsh,Male,29,Canada
,Lizzy Gold,Male,30,Canada
,John Smith,Male,31,Canada
,Sarah Brown,Male,20,Canada
,David Wilson,Male,60,Canada
,Emma Johnson,Male,29,Canada
,Anthony Walsh,Male,40,Canada
,Emma Johnson,Male,21,Canada
,Anthony Walsh,Male,45,Canada
,Lizzy Gold,Male,45,Canada
,John Smith,Male,45,Canada
,Sarah Brown,Male,45,Canada
,David Wilson,Male,45,Canada
,Emma Johnson,Male,21,Canada
,Anthony Walsh,Male,67,Canada
,Otto Mian,Male,69,Canada
,Lana Del,Male,71,Canada
,Vivian June,Male,73,Canada
,Ken Benson,Male,75,Canada
,Hughes Jenny,Male,77,Canada
,Ishmael Jones,Male,49,Canada
,Lizzy Luis,Male,50,Canada
,Dean Terry,Male,51,Canada
,Johnny Woods,Male,52,Canada
,John Smith,Male,53,Canada
,Sarah Brown,Male,54,Canada
,David Wilson,Male,32,Canada
,Emma Johnson,Male,33,Canada
,Anthony Walsh,Male,34,Canada
,Lizzy Gold,Male,35,Canada
,John Smith,Male,36,Canada
,Sarah Brown,Male,37,Canada
,David Wilson,Male,38,Canada
,Emma Johnson,Male,39,Canada
,Anthony Walsh,Male,40,Canada
,Otto Mian,Male,41,Canada
,Emma Johnson,Male,42,Canada
,Anthony Walsh,Male,43,Canada
,Lizzy Gold,Male,44,Canada
,John Smith,Male,45,Canada
,Sarah Brown,Male,46,Canada
,David Wilson,Male,47,Canada
,Emma Johnson,Male,48,Canada
,Anthony Walsh,Male,21,Canada
,Otto Mian,Male,23,Canada
,Lana Del,Male,25,Canada
,Vivian June,Male,27,Canada
,Ken Benson,Male,29,Canada
,Hughes Jenny,Male,31,Canada
,Ishmael Jones,Male,33,Canada
,John Smith,Male,35,Canada
,Sarah Brown,Male,37,Canada
,David Wilson,Male,39,Canada
,Emma Johnson,Male,41,Canada
,Anthony Walsh,Male,43,Canada
,Lizzy Gold,Male,45,Canada
,Emma Johnson,Male,47,Canada
,Anthony Walsh,Male,49,Canada
,Lizzy Gold,Male,51,Canada
,John Smith,Male,53,Canada
,Sarah Brown,Male,55,Canada
,David Wilson,Male,57,Canada
,Emma Johnson,Male,59,Canada
,Anthony Walsh,Male,61,Canada
,Jane ken,Male,63,Canada
,Otto Mian,Male,65,Canada
,Emma Johnson,Male,41,Canada
,Anthony Walsh,Male,43,Canada
,Lizzy Gold,Male,45,Canada
,John Smith,Male,47,Canada
,Sarah Brown,Male,49,Canada
,David Wilson,Male,51,Canada
,Emma Johnson,Male,53,Canada
,Anthony Walsh,Male,55,Canada
,Otto Mian,Male,57,Canada
,Lana Del,Male,59,Canada
,Vivian June,Male,61,Canada
,Ken Benson,Male,45,Canada
,Hughes Jenny,Male,45,Canada
,Ishmael Jones,Male,21,Canada
,John Smith,Male,67,Canada
,Sarah Brown,Male,69,Canada
,David Wilson,Male,71,Canada
,Emma Johnson,Male,73,Canada
,Anthony Walsh,Male,75,Canada
,Lizzy Gold,Male,22,Canada
,Emma Johnson,Male,49,Canada
,Anthony Walsh,Male,50,Canada
,Lizzy Gold,Male,51,Canada
,John Smith,Male,39,Canada
,Sarah Brown,Male,53,Canada
,David Wilson,Male,54,Canada
,Emma Johnson,Male,32,Canada
,Anthony Walsh,Male,33,Canada
,Emma Johnson,Male,34,Canada
,Anthony Walsh,Male,21,Canada
,Lizzy Gold,Male,36,Canada
,John Smith,Male,37,Canada
,Sarah Brown,Male,38,Canada
,David Wilson,Male,34,Canada
,Emma Johnson,Male,36,Canada
,Anthony Walsh,Male,38,Canada
,Omon Toni,Male,40,Canada
,Victoria Nami,Male,42,Canada
,John Smith,Male,44,Canada
,Sarah Brown,Male,20,Canada
,David Wilson,Male,48,Canada
,Emma Johnson,Male,34,Canada
,Anthony Walsh,Male,35,Canada
,Otto Mian,Male,35,Canada
,Lana Del,Male,35,Canada
,Vivian June,Male,35,Canada
,Ken Benson,Male,35,Canada
,Hughes Jenny,Male,35,Canada
,Ishmael Jones,Male,35,Canada
,Lizzy Luis,Male,35,Canada
,Dean Terry,Male,35,Canada
,Johnny Woods,Male,22,Canada
,John Smith,Male,35,Canada
,Sarah Brown,Male,34,Canada
,Emma Johnson,Male,35,Canada
,Anthony Walsh,Male,35,Canada
,Lizzy Gold,Male,35,Canada
,John Smith,Male,35,Canada
,Sarah Brown,Male,67,Canada
,David Wilson,Male,35,Canada
,Emma Johnson,Male,32,Canada
,Anthony Walsh,Male,28,Canada
,Otto Mian,Male,41,Canada
,Lana Del,Male,35,Canada
,Vivian June,Male,22,Canada
,Ken Benson,Male,28,Canada
,Hughes Jenny,Female,29,Canada
,Ishmael Jones,Male,30,Canada
,Emma Johnson,Female,31,Canada
,Anthony Walsh,Male,20,Canada
,Lizzy Gold,Male,60,Canada
,John Smith,Male,29,Canada
,Sarah Brown,Male,40,Canada
,David Wilson,Male,21,Canada
,Emma Johnson,Male,45,Canada
,Anthony Walsh,Male,45,Canada
,Otto Mian,Male,45,Canada
,Lana Del,Male,45,Canada
,Vivian June,Male,45,Canada
,Ken Benson,Male,21,Canada
,Hughes Jenny,Male,67,Canada
,Ishmael Jones,Male,69,Canada
,Lizzy Luis,Male,71,Canada
,Dean Terry,Male,73,Canada
,Johnny Woods,Male,75,Canada
,John Smith,Male,77,Canada
,Sarah Brown,Male,49,Canada
,David Wilson,Male,50,Canada
,Emma Johnson,Male,51,Canada
,Anthony Walsh,Male,52,Canada
,Lizzy Gold,Male,53,Canada
,John Smith,Male,54,Canada
,Sarah Brown,Male,32,Canada
,David Wilson,Male,33,Canada
,Emma Johnson,Male,34,Canada
,Anthony Walsh,Male,35,Canada
,Emma Johnson,Male,36,Canada
,Anthony Walsh,Male,37,Canada
,Lizzy Gold,Male,38,Canada
,John Smith,Male,39,Canada
,Sarah Brown,Male,40,Canada
,David Wilson,Male,41,Canada
,Emma Johnson,Male,42,Canada
,Anthony Walsh,Male,43,Canada
,Otto Mian,Male,44,Canada
,Lana Del,Male,45,Canada
,Vivian June,Male,46,Canada
,Ken Benson,Male,47,Canada
,Hughes Jenny,Male,48,Canada
,Ishmael Jones,Male,21,Canada
,Lizzy Luis,Male,23,Canada
,Dean Terry,Male,25,Canada
,Johnny Woods,Male,27,Canada
,John Smith,Male,29,Canada
,Sarah Brown,Male,31,Canada
,David Wilson,Male,33,Canada
,Emma Johnson,Male,35,Canada
,Anthony Walsh,Male,37,Canada
,Lizzy Gold,Male,39,Canada
,John Smith,Male,41,Canada
,Sarah Brown,Male,43,Canada
,David Wilson,Male,45,Canada
,Emma Johnson,Male,47,Canada
,Anthony Walsh,Male,49,Canada
,Otto Mian,Male,51,Canada
,Emma Johnson,Male,53,Canada
,Anthony Walsh,Male,55,Canada
,Lizzy Gold,Male,57,Canada
,John Smith,Male,59,Canada
,Sarah Brown,Male,61,Canada
,David Wilson,Male,63,Canada
,Emma Johnson,Male,65,Canada
,Anthony Walsh,Male,41,Canada
,Otto Mian,Male,43,Canada
,Lana Del,Male,45,Canada
,Vivian June,Male,47,Canada
,Ken Benson,Male,49,Canada
,Hughes Jenny,Male,51,Canada
,Ishmael Jones,Male,53,Canada
,John Smith,Male,55,Canada
,Sarah Brown,Female,57,Canada
,David Wilson,Male,59,Canada
,Emma Johnson,Male,61,Canada
,Anthony Walsh,Male,45,Canada
,Lizzy Gold,Male,45,Canada
,Emma Johnson,Male,21,Canada
,Anthony Walsh,Male,67,Canada
,Lizzy Gold,Male,69,Canada
,John Smith,Female,71,Canada
,Sarah Brown,Female,73,Canada
,David Wilson,Female,75,Canada
,Emma Johnson,Female,22,Canada
,Anthony Walsh,Female,49,Canada
,Jane ken,Female,50,Canada
,Otto Mian,Female,51,Canada
,Emma Johnson,Female,39,Canada
,Anthony Walsh,Female,53,Canada
,Lizzy Gold,Female,54,Canada
,John Smith,Female,32,Canada
,Sarah Brown,Female,33,Canada
,David Wilson,Female,34,Canada
,Emma Johnson,Female,21,Canada
,Anthony Walsh,Female,36,Canada
,Otto Mian,Female,37,Canada
,Lana Del,Female,38,Canada
,Vivian June,Female,34,Canada
,Ken Benson,Female,36,Canada
,Hughes Jenny,Female,38,Canada
,Ishmael Jones,Female,40,Canada
,John Smith,Female,42,Canada
,Sarah Brown,Female,44,Canada
,David Wilson,Female,67,Canada
,Emma Johnson,Female,48,Canada
,Anthony Walsh,Female,34,Canada
,Lizzy Gold,Female,35,Canada
,Emma Johnson,Female,35,Canada
,Anthony Walsh,Female,35,Canada
,Lizzy Gold,Female,35,Canada
,John Smith,Female,35,Canada
,Sarah Brown,Female,35,Canada
,David Wilson,Female,35,Canada
,Emma Johnson,Female,35,Canada
,Anthony Walsh,Female,35,Canada
,Emma Johnson,Female,22,Canada
,Anthony Walsh,Female,35,Canada
,Lizzy Gold,Female,34,Canada
,John Smith,Female,35,Canada
,Sarah Brown,Female,35,Canada
,David Wilson,Female,35,Canada
,Emma Johnson,Female,35,Canada
,Anthony Walsh,Female,67,Canada
,John Smith,Female,35,Canada
,Sarah Brown,Female,34,Canada
,David Wilson,Female,35,Canada
,Emma Johnson,Female,21,Canada
,Anthony Walsh,Female,81,Canada
,Otto Mian,Female,35,Canada
,Lana Del,Female,35,Canada
,Vivian June,Female,22,Canada
,Ken Benson,Female,23,Canada
,Hughes Jenny,Female,24,Canada
,Ishmael Jones,Female,25,Canada
,Lizzy Luis,Female,26,Canada
,Dean Terry,Female,27,Canada
,Johnny Woods,Female,28,Canada
,John Smith,Female,29,Canada
,Sarah Brown,Female,30,Canada
,Emma Johnson,Female,31,Canada
,Anthony Walsh,Female,32,Canada
,Lizzy Gold,Female,33,Canada
,John Smith,Female,34,Canada
,Sarah Brown,Female,35,Canada
,David Wilson,Female,36,Canada
,Emma Johnson,Female,37,Canada
,Anthony Walsh,Female,38,Canada
,Otto Mian,Female,39,Canada
,Lana Del,Female,40,Canada
,Vivian June,Female,41,Canada
,Ken Benson,Female,42,Canada
,Hughes Jenny,Female,43,Canada
,Ishmael Jones,Female,44,Canada
,Emma Johnson,Female,45,Canada
,Anthony Walsh,Female,46,Canada
,Lizzy Gold,Female,47,Canada
,John Smith,Female,48,Canada
,Sarah Brown,Female,49,Canada
,David Wilson,Female,50,Canada
,Emma Johnson,Female,52,Canada
,Anthony Walsh,Female,54,Canada
,Otto Mian,Female,56,Canada
,Lana Del,Female,58,Canada
,Vivian June,Female,60,Canada
,Ken Benson,Female,62,Canada
,Hughes Jenny,Female,64,Canada
,Ishmael Jones,Female,43,Canada
,Lizzy Luis,Female,68,Canada
,Dean Terry,Female,70,Canada
,Johnny Woods,Female,56,Canada
,John Smith,Female,78,Canada
,Sarah Brown,Female,20,Canada
,David Wilson,Female,19,Canada
,Emma Johnson,Female,20,Canada
,Anthony Walsh,Female,17,Canada
,Lizzy Gold,Female,34,Canada
,John Smith,Female,51,Canada
,Sarah Brown,Female,68,Canada
,David Wilson,Female,85,Canada
,Emma Johnson,Female,30,Canada
,Anthony Walsh,Female,36,Canada
,Emma Johnson,Female,42,Canada
,Anthony Walsh,Female,48,Canada
,Lizzy Gold,Female,54,Canada
,John Smith,Male,60,Canada
,Sarah Brown,Male,66,Canada
,David Wilson,Male,72,Canada
